{"cameraMode":{"drawMode":0,"name":"Shaded","section":"Shading Mode"},"sceneLighting":true,"audioPlay":false,"sceneViewState":{"m_AlwaysRefresh":false,"showFog":true,"showSkybox":true,"showFlares":true,"showImageEffects":true,"showParticleSystems":true,"showVisualEffectGraphs":true,"m_FxEnabled":true},"in2DMode":false,"pivot":{"x":22.565109252929689,"y":15.679242134094239,"z":7.839718341827393},"rotation":{"x":0.09825924783945084,"y":-0.10664306581020355,"z":0.010780313052237034,"w":0.9894829392433167},"size":33.97410202026367,"orthographic":false}