{"cameraMode":{"drawMode":0,"name":"Shaded","section":"Shading Mode"},"sceneLighting":true,"audioPlay":false,"sceneViewState":{"m_AlwaysRefresh":false,"showFog":true,"showSkybox":true,"showFlares":true,"showImageEffects":true,"showParticleSystems":true,"showVisualEffectGraphs":true,"m_FxEnabled":true},"in2DMode":false,"pivot":{"x":22.565109252929689,"y":15.679242134094239,"z":7.839718341827393},"rotation":{"x":-0.02398945763707161,"y":0.023107225075364114,"z":0.000771956576500088,"w":0.9995548129081726},"size":33.97410202026367,"orthographic":false}