{"cameraMode":{"drawMode":0,"name":"Shaded","section":"Shading Mode"},"sceneLighting":true,"audioPlay":false,"sceneViewState":{"m_AlwaysRefresh":false,"showFog":true,"showSkybox":true,"showFlares":true,"showImageEffects":true,"showParticleSystems":true,"showVisualEffectGraphs":true,"m_FxEnabled":true},"in2DMode":false,"pivot":{"x":30.779184341430665,"y":13.569128036499024,"z":0.14498615264892579},"rotation":{"x":-0.035899147391319278,"y":0.06802105903625488,"z":0.002661967882886529,"w":0.9971485137939453},"size":49.67403793334961,"orthographic":false}